﻿[
  {
    "remark": "认证服务",
    "id": "renren-auth-server",
    "uri": "lb://renren-auth-server",
    "order": "1",
    "predicates": [
      {
        "name": "Path",
        "args": {
          "pattern": "/auth/**"
        }
      }
    ],
    "filters": [
      {
        "name": "StripPrefix",
        "args": {
          "StripPrefix": 0
        }
      }
    ]
  },
  {
    "remark": "Admin服务",
    "id": "renren-admin-server",
    "uri": "lb://renren-admin-server",
    "order": "2",
    "predicates": [
      {
        "name": "Path",
        "args": {
          "pattern": "/sys/**"
        }
      }
    ],
    "filters": [
      {
        "name": "StripPrefix",
        "args": {
          "StripPrefix": 0
        }
      }
    ]
  },
  {
    "remark": "监控服务",
    "id": "renren-monitor-server",
    "uri": "lb://renren-monitor-server",
    "order": "3",
    "predicates": [
      {
        "name": "Path",
        "args": {
          "pattern": "/monitor/**"
        }
      }
    ],
    "filters": [
      {
        "name": "StripPrefix",
        "args": {
          "StripPrefix": 0
        }
      }
    ]
  },
  {
    "remark": "OSS服务",
    "id": "renren-oss-server",
    "uri": "lb://renren-oss-server",
    "order": "4",
    "predicates": [
      {
        "name": "Path",
        "args": {
          "pattern": "/oss/**"
        }
      }
    ],
    "filters": [
      {
        "name": "StripPrefix",
        "args": {
          "StripPrefix": 0
        }
      }
    ]
  },
  {
    "remark": "消息服务",
    "id": "renren-message-server",
    "uri": "lb://renren-message-server",
    "order": "5",
    "predicates": [
      {
        "name": "Path",
        "args": {
          "pattern": "/message/**"
        }
      }
    ],
    "filters": [
      {
        "name": "StripPrefix",
        "args": {
          "StripPrefix": 0
        }
      }
    ]
  },
  {
    "remark": "工作流服务",
    "id": "renren-activiti-server",
    "uri": "lb://renren-activiti-server",
    "order": "6",
    "predicates": [
      {
        "name": "Path",
        "args": {
          "pattern": "/activiti/**"
        }
      }
    ],
    "filters": [
      {
        "name": "StripPrefix",
        "args": {
          "StripPrefix": 0
        }
      }
    ]
  },
  {
    "remark": "定时任务服务",
    "id": "renren-job-server",
    "uri": "lb://renren-job-server",
    "order": "7",
    "predicates": [
      {
        "name": "Path",
        "args": {
          "pattern": "/job/**"
        }
      }
    ],
    "filters": [
      {
        "name": "StripPrefix",
        "args": {
          "StripPrefix": 0
        }
      }
    ]
  },
  {
    "remark": "APP流服务",
    "id": "renren-api-server",
    "uri": "lb://renren-api-server",
    "order": "8",
    "predicates": [
      {
        "name": "Path",
        "args": {
          "pattern": "/api/**"
        }
      }
    ],
    "filters": [
      {
        "name": "StripPrefix",
        "args": {
          "StripPrefix": 0
        }
      }
    ]
  },
  {
    "remark": "代码生成服务",
    "id": "renren-devtools-server",
    "uri": "lb://renren-devtools-server",
    "order": "9",
    "predicates": [
      {
        "name": "Path",
        "args": {
          "pattern": "/devtools/**"
        }
      }
    ],
    "filters": [
      {
        "name": "StripPrefix",
        "args": {
          "StripPrefix": 0
        }
      }
    ]
  }
]