INSERT INTO sys_menu(id, pid, url, type, icon, permissions, sort, del_flag, creator, create_date, updater, update_date) VALUES (1067246875800000043, 0, '', 0, 'icon-cluster', '', 2, 0, 1067246875800000001, CURRENT_DATE, 1067246875800000001, CURRENT_DATE);
INSERT INTO sys_menu(id, pid, url, type, icon, permissions, sort, del_flag, creator, create_date, updater, update_date) VALUES (1067246875800000044, 1067246875800000043, 'activiti/process', 0, 'icon-detail', 'sys:process:all', 0, 0, 1067246875800000001, CURRENT_DATE, 1067246875800000001, CURRENT_DATE);
INSERT INTO sys_menu(id, pid, url, type, icon, permissions, sort, del_flag, creator, create_date, updater, update_date) VALUES (1067246875800000045, 1067246875800000043, 'activiti/model', 0, 'icon-appstore-fill', 'sys:model:all', 1, 0, 1067246875800000001, CURRENT_DATE, 1067246875800000001, CURRENT_DATE);
INSERT INTO sys_menu(id, pid, url, type, icon, permissions, sort, del_flag, creator, create_date, updater, update_date) VALUES (1067246875800000046, 1067246875800000043, 'activiti/running', 0, 'icon-play-square', 'sys:running:all', 2, 0, 1067246875800000001, CURRENT_DATE, 1067246875800000001, CURRENT_DATE);
INSERT INTO sys_menu(id, pid, url, type, icon, permissions, sort, del_flag, creator, create_date, updater, update_date) VALUES (1176004047773671425, 1067246875800000043, 'activiti/process-initiation', 0, 'icon-play-square', 'sys:process:all', 0, 0, 1067246875800000001, CURRENT_DATE, 1067246875800000001, CURRENT_DATE);
INSERT INTO sys_menu(id, pid, url, type, icon, permissions, sort, del_flag, creator, create_date, updater, update_date) VALUES (1176004381581549569, 0, '', 0, 'icon-user', '', 3, 0, 1067246875800000001, CURRENT_DATE, 1067246875800000001, CURRENT_DATE);
INSERT INTO sys_menu(id, pid, url, type, icon, permissions, sort, del_flag, creator, create_date, updater, update_date) VALUES (1176005336624570370, 1176004381581549569, 'activiti/demo/correction', 0, 'icon-issuesclose', 'sys:correction:all,sys:process:all,sys:running:all,sys:task:all', 0, 0, 1067246875800000001, CURRENT_DATE, 1067246875800000001, CURRENT_DATE);
INSERT INTO sys_menu(id, pid, url, type, icon, permissions, sort, del_flag, creator, create_date, updater, update_date) VALUES (1176006162176843777, 1176004381581549569, 'activiti/my-todo-task', 0, 'icon-dashboard', 'sys:correction:all,sys:process:all,sys:running:all,sys:task:all', 1, 0, 1067246875800000001, CURRENT_DATE, 1067246875800000001, CURRENT_DATE);
INSERT INTO sys_menu(id, pid, url, type, icon, permissions, sort, del_flag, creator, create_date, updater, update_date) VALUES (1176009642778075138, 1176004381581549569, 'activiti/my-apply', 0, 'icon-edit-square', 'sys:correction:all,sys:process:all,sys:running:all,sys:task:all', 2, 0, 1067246875800000001, CURRENT_DATE, 1067246875800000001, CURRENT_DATE);
INSERT INTO sys_menu(id, pid, url, type, icon, permissions, sort, del_flag, creator, create_date, updater, update_date) VALUES (1176010201362898946, 1176004381581549569, 'activiti/my-join-task', 0, 'icon-check-square', 'sys:his:all', 3, 0, 1067246875800000001, CURRENT_DATE, 1067246875800000001, CURRENT_DATE);
INSERT INTO sys_menu(id, pid, url, type, icon, permissions, sort, del_flag, creator, create_date, updater, update_date) VALUES (1176011679628566530, 1176004381581549569, 'activiti/my-todo-task-pool', 0, 'icon-interation', 'sys:correction:all,sys:process:all,sys:running:all,sys:task:all', 4, 0, 1067246875800000001, CURRENT_DATE, 1067246875800000001, CURRENT_DATE);


INSERT INTO sys_language(table_name, table_id, field_name, field_value, language) VALUES ('sys_menu', 1067246875800000043, 'name', 'Work Process', 'en-US');
INSERT INTO sys_language(table_name, table_id, field_name, field_value, language) VALUES ('sys_menu', 1067246875800000043, 'name', '工作流程', 'zh-CN');
INSERT INTO sys_language(table_name, table_id, field_name, field_value, language) VALUES ('sys_menu', 1067246875800000043, 'name', '工作流程', 'zh-TW');
INSERT INTO sys_language(table_name, table_id, field_name, field_value, language) VALUES ('sys_menu', 1067246875800000044, 'name', 'Process Management', 'en-US');
INSERT INTO sys_language(table_name, table_id, field_name, field_value, language) VALUES ('sys_menu', 1067246875800000044, 'name', '流程管理', 'zh-CN');
INSERT INTO sys_language(table_name, table_id, field_name, field_value, language) VALUES ('sys_menu', 1067246875800000044, 'name', '流程管理', 'zh-TW');
INSERT INTO sys_language(table_name, table_id, field_name, field_value, language) VALUES ('sys_menu', 1067246875800000045, 'name', 'Model Management', 'en-US');
INSERT INTO sys_language(table_name, table_id, field_name, field_value, language) VALUES ('sys_menu', 1067246875800000045, 'name', '模型管理', 'zh-CN');
INSERT INTO sys_language(table_name, table_id, field_name, field_value, language) VALUES ('sys_menu', 1067246875800000045, 'name', '模型管理', 'zh-TW');
INSERT INTO sys_language(table_name, table_id, field_name, field_value, language) VALUES ('sys_menu', 1067246875800000046, 'name', 'Running Process', 'en-US');
INSERT INTO sys_language(table_name, table_id, field_name, field_value, language) VALUES ('sys_menu', 1067246875800000046, 'name', '运行中的流程', 'zh-CN');
INSERT INTO sys_language(table_name, table_id, field_name, field_value, language) VALUES ('sys_menu', 1067246875800000046, 'name', '運行中的流程', 'zh-TW');

INSERT INTO sys_language(table_name, table_id, field_name, field_value, language) VALUES ('sys_menu', 1176004047773671425, 'name', 'Initiation Process', 'en-US');
INSERT INTO sys_language(table_name, table_id, field_name, field_value, language) VALUES ('sys_menu', 1176004047773671425, 'name', '发起流程', 'zh-CN');
INSERT INTO sys_language(table_name, table_id, field_name, field_value, language) VALUES ('sys_menu', 1176004047773671425, 'name', '發起流程', 'zh-TW');
INSERT INTO sys_language(table_name, table_id, field_name, field_value, language) VALUES ('sys_menu', 1176004381581549569, 'name', 'Personal Office', 'en-US');
INSERT INTO sys_language(table_name, table_id, field_name, field_value, language) VALUES ('sys_menu', 1176004381581549569, 'name', '个人办公', 'zh-CN');
INSERT INTO sys_language(table_name, table_id, field_name, field_value, language) VALUES ('sys_menu', 1176004381581549569, 'name', '個人辦公', 'zh-TW');
INSERT INTO sys_language(table_name, table_id, field_name, field_value, language) VALUES ('sys_menu', 1176005336624570370, 'name', 'Correction Request', 'en-US');
INSERT INTO sys_language(table_name, table_id, field_name, field_value, language) VALUES ('sys_menu', 1176005336624570370, 'name', '转正申请', 'zh-CN');
INSERT INTO sys_language(table_name, table_id, field_name, field_value, language) VALUES ('sys_menu', 1176005336624570370, 'name', '轉正申請', 'zh-TW');
INSERT INTO sys_language(table_name, table_id, field_name, field_value, language) VALUES ('sys_menu', 1176006162176843777, 'name', 'My To-do', 'en-US');
INSERT INTO sys_language(table_name, table_id, field_name, field_value, language) VALUES ('sys_menu', 1176006162176843777, 'name', '我的待办', 'zh-CN');
INSERT INTO sys_language(table_name, table_id, field_name, field_value, language) VALUES ('sys_menu', 1176006162176843777, 'name', '我的待辦', 'zh-TW');
INSERT INTO sys_language(table_name, table_id, field_name, field_value, language) VALUES ('sys_menu', 1176009642778075138, 'name', 'My Application', 'en-US');
INSERT INTO sys_language(table_name, table_id, field_name, field_value, language) VALUES ('sys_menu', 1176009642778075138, 'name', '我的申请', 'zh-CN');
INSERT INTO sys_language(table_name, table_id, field_name, field_value, language) VALUES ('sys_menu', 1176009642778075138, 'name', '我的申請', 'zh-TW');
INSERT INTO sys_language(table_name, table_id, field_name, field_value, language) VALUES ('sys_menu', 1176010201362898946, 'name', 'Task Already', 'en-US');
INSERT INTO sys_language(table_name, table_id, field_name, field_value, language) VALUES ('sys_menu', 1176010201362898946, 'name', '已办任务', 'zh-CN');
INSERT INTO sys_language(table_name, table_id, field_name, field_value, language) VALUES ('sys_menu', 1176010201362898946, 'name', '已辦任務', 'zh-TW');
INSERT INTO sys_language(table_name, table_id, field_name, field_value, language) VALUES ('sys_menu', 1176011679628566530, 'name', 'To Be Signed', 'en-US');
INSERT INTO sys_language(table_name, table_id, field_name, field_value, language) VALUES ('sys_menu', 1176011679628566530, 'name', '待签收任务', 'zh-CN');
INSERT INTO sys_language(table_name, table_id, field_name, field_value, language) VALUES ('sys_menu', 1176011679628566530, 'name', '待簽收任務', 'zh-TW');


CREATE TABLE tb_process_biz_route (
  id NUMBER(20, 0) NOT NULL,
  proc_def_id varchar2(64),
  biz_route varchar2(255),
  proc_def_key varchar2(255),
  version NUMBER(20, 0),
  PRIMARY KEY (id)
);

COMMENT ON TABLE tb_process_biz_route IS '工作流业务路由';
COMMENT ON COLUMN tb_process_biz_route.id IS 'id';
COMMENT ON COLUMN tb_process_biz_route.proc_def_id IS '流程定义ID';
COMMENT ON COLUMN tb_process_biz_route.biz_route IS '业务路由';
COMMENT ON COLUMN tb_process_biz_route.proc_def_key IS '流程定义KEY';
COMMENT ON COLUMN tb_process_biz_route.version IS '版本号';

CREATE TABLE tb_correction (
    id NUMBER(20, 0) NOT NULL,
    apply_post varchar2(255),
    entry_date date,
    correction_date date,
    work_content varchar2(2000),
    achievement varchar2(2000),
    instance_id varchar2(80),
    creator NUMBER(20, 0),
    create_date date,
    PRIMARY KEY (id)
);

COMMENT ON TABLE tb_correction IS '转正申请';
COMMENT ON COLUMN tb_correction.id IS 'id';
COMMENT ON COLUMN tb_correction.apply_post IS '申请岗位';
COMMENT ON COLUMN tb_correction.entry_date IS '入职日期';
COMMENT ON COLUMN tb_correction.correction_date IS '转正日期';
COMMENT ON COLUMN tb_correction.work_content IS '工作内容';
COMMENT ON COLUMN tb_correction.achievement IS '工作成绩';
COMMENT ON COLUMN tb_correction.instance_id IS '实例ID';
COMMENT ON COLUMN tb_correction.creator IS '创建者';
COMMENT ON COLUMN tb_correction.create_date IS '创建时间';


create table ACT_GE_PROPERTY (
  NAME_ NVARCHAR2(64),
  VALUE_ NVARCHAR2(300),
  REV_ INTEGER,
  primary key (NAME_)
);

insert into ACT_GE_PROPERTY
values ('schema.version', '5.22.0.0', 1);

insert into ACT_GE_PROPERTY
values ('schema.history', 'create(5.22.0.0)', 1);

insert into ACT_GE_PROPERTY
values ('next.dbid', '1', 1);

create table ACT_GE_BYTEARRAY (
  ID_ NVARCHAR2(64),
  REV_ INTEGER,
  NAME_ NVARCHAR2(255),
  DEPLOYMENT_ID_ NVARCHAR2(64),
  BYTES_ BLOB,
  GENERATED_ NUMBER(1,0) CHECK (GENERATED_ IN (1,0)),
  primary key (ID_)
);

create table ACT_RE_DEPLOYMENT (
  ID_ NVARCHAR2(64),
  NAME_ NVARCHAR2(255),
  CATEGORY_ NVARCHAR2(255),
  TENANT_ID_ NVARCHAR2(255) DEFAULT '',
  DEPLOY_TIME_ TIMESTAMP(6),
  primary key (ID_)
);

create table ACT_RE_MODEL (
  ID_ NVARCHAR2(64) not null,
  REV_ INTEGER,
  NAME_ NVARCHAR2(255),
  KEY_ NVARCHAR2(255),
  CATEGORY_ NVARCHAR2(255),
  CREATE_TIME_ TIMESTAMP(6),
  LAST_UPDATE_TIME_ TIMESTAMP(6),
  VERSION_ INTEGER,
  META_INFO_ NVARCHAR2(2000),
  DEPLOYMENT_ID_ NVARCHAR2(64),
  EDITOR_SOURCE_VALUE_ID_ NVARCHAR2(64),
  EDITOR_SOURCE_EXTRA_VALUE_ID_ NVARCHAR2(64),
  TENANT_ID_ NVARCHAR2(255) DEFAULT '',
  primary key (ID_)
);

create table ACT_RU_EXECUTION (
  ID_ NVARCHAR2(64),
  REV_ INTEGER,
  PROC_INST_ID_ NVARCHAR2(64),
  BUSINESS_KEY_ NVARCHAR2(255),
  PARENT_ID_ NVARCHAR2(64),
  PROC_DEF_ID_ NVARCHAR2(64),
  SUPER_EXEC_ NVARCHAR2(64),
  ACT_ID_ NVARCHAR2(255),
  IS_ACTIVE_ NUMBER(1,0) CHECK (IS_ACTIVE_ IN (1,0)),
  IS_CONCURRENT_ NUMBER(1,0) CHECK (IS_CONCURRENT_ IN (1,0)),
  IS_SCOPE_ NUMBER(1,0) CHECK (IS_SCOPE_ IN (1,0)),
  IS_EVENT_SCOPE_ NUMBER(1,0) CHECK (IS_EVENT_SCOPE_ IN (1,0)),
  SUSPENSION_STATE_ INTEGER,
  CACHED_ENT_STATE_ INTEGER,
  TENANT_ID_ NVARCHAR2(255) DEFAULT '',
  NAME_ NVARCHAR2(255),
  LOCK_TIME_ TIMESTAMP(6),
  primary key (ID_)
);

create table ACT_RU_JOB (
  ID_ NVARCHAR2(64) NOT NULL,
  REV_ INTEGER,
  TYPE_ NVARCHAR2(255) NOT NULL,
  LOCK_EXP_TIME_ TIMESTAMP(6),
  LOCK_OWNER_ NVARCHAR2(255),
  EXCLUSIVE_ NUMBER(1,0) CHECK (EXCLUSIVE_ IN (1,0)),
  EXECUTION_ID_ NVARCHAR2(64),
  PROCESS_INSTANCE_ID_ NVARCHAR2(64),
  PROC_DEF_ID_ NVARCHAR2(64),
  RETRIES_ INTEGER,
  EXCEPTION_STACK_ID_ NVARCHAR2(64),
  EXCEPTION_MSG_ NVARCHAR2(2000),
  DUEDATE_ TIMESTAMP(6),
  REPEAT_ NVARCHAR2(255),
  HANDLER_TYPE_ NVARCHAR2(255),
  HANDLER_CFG_ NVARCHAR2(2000),
  TENANT_ID_ NVARCHAR2(255) DEFAULT '',
  primary key (ID_)
);

create table ACT_RE_PROCDEF (
  ID_ NVARCHAR2(64) NOT NULL,
  REV_ INTEGER,
  CATEGORY_ NVARCHAR2(255),
  NAME_ NVARCHAR2(255),
  KEY_ NVARCHAR2(255) NOT NULL,
  VERSION_ INTEGER NOT NULL,
  DEPLOYMENT_ID_ NVARCHAR2(64),
  RESOURCE_NAME_ NVARCHAR2(2000),
  DGRM_RESOURCE_NAME_ varchar(4000),
  DESCRIPTION_ NVARCHAR2(2000),
  HAS_START_FORM_KEY_ NUMBER(1,0) CHECK (HAS_START_FORM_KEY_ IN (1,0)),
  HAS_GRAPHICAL_NOTATION_ NUMBER(1,0) CHECK (HAS_GRAPHICAL_NOTATION_ IN (1,0)),
  SUSPENSION_STATE_ INTEGER,
  TENANT_ID_ NVARCHAR2(255) DEFAULT '',
  primary key (ID_)
);

create table ACT_RU_TASK (
  ID_ NVARCHAR2(64),
  REV_ INTEGER,
  EXECUTION_ID_ NVARCHAR2(64),
  PROC_INST_ID_ NVARCHAR2(64),
  PROC_DEF_ID_ NVARCHAR2(64),
  NAME_ NVARCHAR2(255),
  PARENT_TASK_ID_ NVARCHAR2(64),
  DESCRIPTION_ NVARCHAR2(2000),
  TASK_DEF_KEY_ NVARCHAR2(255),
  OWNER_ NVARCHAR2(255),
  ASSIGNEE_ NVARCHAR2(255),
  DELEGATION_ NVARCHAR2(64),
  PRIORITY_ INTEGER,
  CREATE_TIME_ TIMESTAMP(6),
  DUE_DATE_ TIMESTAMP(6),
  CATEGORY_ NVARCHAR2(255),
  SUSPENSION_STATE_ INTEGER,
  TENANT_ID_ NVARCHAR2(255) DEFAULT '',
  FORM_KEY_ NVARCHAR2(255),
  primary key (ID_)
);

create table ACT_RU_IDENTITYLINK (
  ID_ NVARCHAR2(64),
  REV_ INTEGER,
  GROUP_ID_ NVARCHAR2(255),
  TYPE_ NVARCHAR2(255),
  USER_ID_ NVARCHAR2(255),
  TASK_ID_ NVARCHAR2(64),
  PROC_INST_ID_ NVARCHAR2(64),
  PROC_DEF_ID_ NVARCHAR2(64),
  primary key (ID_)
);

create table ACT_RU_VARIABLE (
  ID_ NVARCHAR2(64) not null,
  REV_ INTEGER,
  TYPE_ NVARCHAR2(255) not null,
  NAME_ NVARCHAR2(255) not null,
  EXECUTION_ID_ NVARCHAR2(64),
  PROC_INST_ID_ NVARCHAR2(64),
  TASK_ID_ NVARCHAR2(64),
  BYTEARRAY_ID_ NVARCHAR2(64),
  DOUBLE_ NUMBER(*,10),
  LONG_ NUMBER(19,0),
  TEXT_ NVARCHAR2(2000),
  TEXT2_ NVARCHAR2(2000),
  primary key (ID_)
);

create table ACT_RU_EVENT_SUBSCR (
  ID_ NVARCHAR2(64) not null,
  REV_ integer,
  EVENT_TYPE_ NVARCHAR2(255) not null,
  EVENT_NAME_ NVARCHAR2(255),
  EXECUTION_ID_ NVARCHAR2(64),
  PROC_INST_ID_ NVARCHAR2(64),
  ACTIVITY_ID_ NVARCHAR2(64),
  CONFIGURATION_ NVARCHAR2(255),
  CREATED_ TIMESTAMP(6) not null,
  PROC_DEF_ID_ NVARCHAR2(64),
  TENANT_ID_ NVARCHAR2(255) DEFAULT '',
  primary key (ID_)
);

create table ACT_EVT_LOG (
  LOG_NR_ NUMBER(19),
  TYPE_ NVARCHAR2(64),
  PROC_DEF_ID_ NVARCHAR2(64),
  PROC_INST_ID_ NVARCHAR2(64),
  EXECUTION_ID_ NVARCHAR2(64),
  TASK_ID_ NVARCHAR2(64),
  TIME_STAMP_ TIMESTAMP(6) not null,
  USER_ID_ NVARCHAR2(255),
  DATA_ BLOB,
  LOCK_OWNER_ NVARCHAR2(255),
  LOCK_TIME_ TIMESTAMP(6) null,
  IS_PROCESSED_ NUMBER(3) default 0,
  primary key (LOG_NR_)
);

create sequence act_evt_log_seq;

create table ACT_PROCDEF_INFO (
  ID_ NVARCHAR2(64) not null,
  PROC_DEF_ID_ NVARCHAR2(64) not null,
  REV_ integer,
  INFO_JSON_ID_ NVARCHAR2(64),
  primary key (ID_)
);

create index ACT_IDX_EXEC_BUSKEY on ACT_RU_EXECUTION(BUSINESS_KEY_);
create index ACT_IDX_TASK_CREATE on ACT_RU_TASK(CREATE_TIME_);
create index ACT_IDX_IDENT_LNK_USER on ACT_RU_IDENTITYLINK(USER_ID_);
create index ACT_IDX_IDENT_LNK_GROUP on ACT_RU_IDENTITYLINK(GROUP_ID_);
create index ACT_IDX_EVENT_SUBSCR_CONFIG_ on ACT_RU_EVENT_SUBSCR(CONFIGURATION_);
create index ACT_IDX_VARIABLE_TASK_ID on ACT_RU_VARIABLE(TASK_ID_);

create index ACT_IDX_BYTEAR_DEPL on ACT_GE_BYTEARRAY(DEPLOYMENT_ID_);
alter table ACT_GE_BYTEARRAY
  add constraint ACT_FK_BYTEARR_DEPL
foreign key (DEPLOYMENT_ID_)
references ACT_RE_DEPLOYMENT (ID_);

alter table ACT_RE_PROCDEF
  add constraint ACT_UNIQ_PROCDEF
unique (KEY_,VERSION_, TENANT_ID_);

create index ACT_IDX_EXE_PROCINST on ACT_RU_EXECUTION(PROC_INST_ID_);
alter table ACT_RU_EXECUTION
  add constraint ACT_FK_EXE_PROCINST
foreign key (PROC_INST_ID_)
references ACT_RU_EXECUTION (ID_);

create index ACT_IDX_EXE_PARENT on ACT_RU_EXECUTION(PARENT_ID_);
alter table ACT_RU_EXECUTION
  add constraint ACT_FK_EXE_PARENT
foreign key (PARENT_ID_)
references ACT_RU_EXECUTION (ID_);

create index ACT_IDX_EXE_SUPER on ACT_RU_EXECUTION(SUPER_EXEC_);
alter table ACT_RU_EXECUTION
  add constraint ACT_FK_EXE_SUPER
foreign key (SUPER_EXEC_)
references ACT_RU_EXECUTION (ID_);

create index ACT_IDX_EXE_PROCDEF on ACT_RU_EXECUTION(PROC_DEF_ID_);
alter table ACT_RU_EXECUTION
  add constraint ACT_FK_EXE_PROCDEF
foreign key (PROC_DEF_ID_)
references ACT_RE_PROCDEF (ID_);

create index ACT_IDX_TSKASS_TASK on ACT_RU_IDENTITYLINK(TASK_ID_);
alter table ACT_RU_IDENTITYLINK
  add constraint ACT_FK_TSKASS_TASK
foreign key (TASK_ID_)
references ACT_RU_TASK (ID_);

create index ACT_IDX_ATHRZ_PROCEDEF  on ACT_RU_IDENTITYLINK(PROC_DEF_ID_);
alter table ACT_RU_IDENTITYLINK
  add constraint ACT_FK_ATHRZ_PROCEDEF
foreign key (PROC_DEF_ID_)
references ACT_RE_PROCDEF (ID_);

create index ACT_IDX_IDL_PROCINST on ACT_RU_IDENTITYLINK(PROC_INST_ID_);
alter table ACT_RU_IDENTITYLINK
  add constraint ACT_FK_IDL_PROCINST
foreign key (PROC_INST_ID_)
references ACT_RU_EXECUTION (ID_);

create index ACT_IDX_TASK_EXEC on ACT_RU_TASK(EXECUTION_ID_);
alter table ACT_RU_TASK
  add constraint ACT_FK_TASK_EXE
foreign key (EXECUTION_ID_)
references ACT_RU_EXECUTION (ID_);

create index ACT_IDX_TASK_PROCINST on ACT_RU_TASK(PROC_INST_ID_);
alter table ACT_RU_TASK
  add constraint ACT_FK_TASK_PROCINST
foreign key (PROC_INST_ID_)
references ACT_RU_EXECUTION (ID_);

create index ACT_IDX_TASK_PROCDEF on ACT_RU_TASK(PROC_DEF_ID_);
alter table ACT_RU_TASK
  add constraint ACT_FK_TASK_PROCDEF
foreign key (PROC_DEF_ID_)
references ACT_RE_PROCDEF (ID_);

create index ACT_IDX_VAR_EXE on ACT_RU_VARIABLE(EXECUTION_ID_);
alter table ACT_RU_VARIABLE
  add constraint ACT_FK_VAR_EXE
foreign key (EXECUTION_ID_)
references ACT_RU_EXECUTION (ID_);

create index ACT_IDX_VAR_PROCINST on ACT_RU_VARIABLE(PROC_INST_ID_);
alter table ACT_RU_VARIABLE
  add constraint ACT_FK_VAR_PROCINST
foreign key (PROC_INST_ID_)
references ACT_RU_EXECUTION(ID_);

create index ACT_IDX_VAR_BYTEARRAY on ACT_RU_VARIABLE(BYTEARRAY_ID_);
alter table ACT_RU_VARIABLE
  add constraint ACT_FK_VAR_BYTEARRAY
foreign key (BYTEARRAY_ID_)
references ACT_GE_BYTEARRAY (ID_);

create index ACT_IDX_JOB_EXCEPTION on ACT_RU_JOB(EXCEPTION_STACK_ID_);
alter table ACT_RU_JOB
  add constraint ACT_FK_JOB_EXCEPTION
foreign key (EXCEPTION_STACK_ID_)
references ACT_GE_BYTEARRAY (ID_);

create index ACT_IDX_EVENT_SUBSCR on ACT_RU_EVENT_SUBSCR(EXECUTION_ID_);
alter table ACT_RU_EVENT_SUBSCR
  add constraint ACT_FK_EVENT_EXEC
foreign key (EXECUTION_ID_)
references ACT_RU_EXECUTION(ID_);

create index ACT_IDX_MODEL_SOURCE on ACT_RE_MODEL(EDITOR_SOURCE_VALUE_ID_);
alter table ACT_RE_MODEL
  add constraint ACT_FK_MODEL_SOURCE
foreign key (EDITOR_SOURCE_VALUE_ID_)
references ACT_GE_BYTEARRAY (ID_);

create index ACT_IDX_MODEL_SOURCE_EXTRA on ACT_RE_MODEL(EDITOR_SOURCE_EXTRA_VALUE_ID_);
alter table ACT_RE_MODEL
  add constraint ACT_FK_MODEL_SOURCE_EXTRA
foreign key (EDITOR_SOURCE_EXTRA_VALUE_ID_)
references ACT_GE_BYTEARRAY (ID_);

create index ACT_IDX_MODEL_DEPLOYMENT on ACT_RE_MODEL(DEPLOYMENT_ID_);
alter table ACT_RE_MODEL
  add constraint ACT_FK_MODEL_DEPLOYMENT
foreign key (DEPLOYMENT_ID_)
references ACT_RE_DEPLOYMENT (ID_);

create index ACT_IDX_PROCDEF_INFO_JSON on ACT_PROCDEF_INFO(INFO_JSON_ID_);
alter table ACT_PROCDEF_INFO
  add constraint ACT_FK_INFO_JSON_BA
foreign key (INFO_JSON_ID_)
references ACT_GE_BYTEARRAY (ID_);

create index ACT_IDX_PROCDEF_INFO_PROC on ACT_PROCDEF_INFO(PROC_DEF_ID_);
alter table ACT_PROCDEF_INFO
  add constraint ACT_FK_INFO_PROCDEF
foreign key (PROC_DEF_ID_)
references ACT_RE_PROCDEF (ID_);

alter table ACT_PROCDEF_INFO
  add constraint ACT_UNIQ_INFO_PROCDEF
unique (PROC_DEF_ID_);


create table ACT_HI_PROCINST (
  ID_ NVARCHAR2(64) not null,
  PROC_INST_ID_ NVARCHAR2(64) not null,
  BUSINESS_KEY_ NVARCHAR2(255),
  PROC_DEF_ID_ NVARCHAR2(64) not null,
  START_TIME_ TIMESTAMP(6) not null,
  END_TIME_ TIMESTAMP(6),
  DURATION_ NUMBER(19,0),
  START_USER_ID_ NVARCHAR2(255),
  START_ACT_ID_ NVARCHAR2(255),
  END_ACT_ID_ NVARCHAR2(255),
  SUPER_PROCESS_INSTANCE_ID_ NVARCHAR2(64),
  DELETE_REASON_ NVARCHAR2(2000),
  TENANT_ID_ NVARCHAR2(255) default '',
  NAME_ NVARCHAR2(255),
  primary key (ID_),
  unique (PROC_INST_ID_)
);

create table ACT_HI_ACTINST (
  ID_ NVARCHAR2(64) not null,
  PROC_DEF_ID_ NVARCHAR2(64) not null,
  PROC_INST_ID_ NVARCHAR2(64) not null,
  EXECUTION_ID_ NVARCHAR2(64) not null,
  ACT_ID_ NVARCHAR2(255) not null,
  TASK_ID_ NVARCHAR2(64),
  CALL_PROC_INST_ID_ NVARCHAR2(64),
  ACT_NAME_ NVARCHAR2(255),
  ACT_TYPE_ NVARCHAR2(255) not null,
  ASSIGNEE_ NVARCHAR2(255),
  START_TIME_ TIMESTAMP(6) not null,
  END_TIME_ TIMESTAMP(6),
  DURATION_ NUMBER(19,0),
  TENANT_ID_ NVARCHAR2(255) default '',
  primary key (ID_)
);

create table ACT_HI_TASKINST (
  ID_ NVARCHAR2(64) not null,
  PROC_DEF_ID_ NVARCHAR2(64),
  TASK_DEF_KEY_ NVARCHAR2(255),
  PROC_INST_ID_ NVARCHAR2(64),
  EXECUTION_ID_ NVARCHAR2(64),
  PARENT_TASK_ID_ NVARCHAR2(64),
  NAME_ NVARCHAR2(255),
  DESCRIPTION_ NVARCHAR2(2000),
  OWNER_ NVARCHAR2(255),
  ASSIGNEE_ NVARCHAR2(255),
  START_TIME_ TIMESTAMP(6) not null,
  CLAIM_TIME_ TIMESTAMP(6),
  END_TIME_ TIMESTAMP(6),
  DURATION_ NUMBER(19,0),
  DELETE_REASON_ NVARCHAR2(2000),
  PRIORITY_ INTEGER,
  DUE_DATE_ TIMESTAMP(6),
  FORM_KEY_ NVARCHAR2(255),
  CATEGORY_ NVARCHAR2(255),
  TENANT_ID_ NVARCHAR2(255) default '',
  primary key (ID_)
);

create table ACT_HI_VARINST (
  ID_ NVARCHAR2(64) not null,
  PROC_INST_ID_ NVARCHAR2(64),
  EXECUTION_ID_ NVARCHAR2(64),
  TASK_ID_ NVARCHAR2(64),
  NAME_ NVARCHAR2(255) not null,
  VAR_TYPE_ NVARCHAR2(100),
  REV_ INTEGER,
  BYTEARRAY_ID_ NVARCHAR2(64),
  DOUBLE_ NUMBER(*,10),
  LONG_ NUMBER(19,0),
  TEXT_ NVARCHAR2(2000),
  TEXT2_ NVARCHAR2(2000),
  CREATE_TIME_ TIMESTAMP(6),
  LAST_UPDATED_TIME_ TIMESTAMP(6),
  primary key (ID_)
);

create table ACT_HI_DETAIL (
  ID_ NVARCHAR2(64) not null,
  TYPE_ NVARCHAR2(255) not null,
  PROC_INST_ID_ NVARCHAR2(64),
  EXECUTION_ID_ NVARCHAR2(64),
  TASK_ID_ NVARCHAR2(64),
  ACT_INST_ID_ NVARCHAR2(64),
  NAME_ NVARCHAR2(255) not null,
  VAR_TYPE_ NVARCHAR2(64),
  REV_ INTEGER,
  TIME_ TIMESTAMP(6) not null,
  BYTEARRAY_ID_ NVARCHAR2(64),
  DOUBLE_ NUMBER(*,10),
  LONG_ NUMBER(19,0),
  TEXT_ NVARCHAR2(2000),
  TEXT2_ NVARCHAR2(2000),
  primary key (ID_)
);

create table ACT_HI_COMMENT (
  ID_ NVARCHAR2(64) not null,
  TYPE_ NVARCHAR2(255),
  TIME_ TIMESTAMP(6) not null,
  USER_ID_ NVARCHAR2(255),
  TASK_ID_ NVARCHAR2(64),
  PROC_INST_ID_ NVARCHAR2(64),
  ACTION_ NVARCHAR2(255),
  MESSAGE_ NVARCHAR2(2000),
  FULL_MSG_ BLOB,
  primary key (ID_)
);

create table ACT_HI_ATTACHMENT (
  ID_ NVARCHAR2(64) not null,
  REV_ INTEGER,
  USER_ID_ NVARCHAR2(255),
  NAME_ NVARCHAR2(255),
  DESCRIPTION_ NVARCHAR2(2000),
  TYPE_ NVARCHAR2(255),
  TASK_ID_ NVARCHAR2(64),
  PROC_INST_ID_ NVARCHAR2(64),
  URL_ NVARCHAR2(2000),
  CONTENT_ID_ NVARCHAR2(64),
  TIME_ TIMESTAMP(6),
  primary key (ID_)
);

create table ACT_HI_IDENTITYLINK (
  ID_ NVARCHAR2(64),
  GROUP_ID_ NVARCHAR2(255),
  TYPE_ NVARCHAR2(255),
  USER_ID_ NVARCHAR2(255),
  TASK_ID_ NVARCHAR2(64),
  PROC_INST_ID_ NVARCHAR2(64),
  primary key (ID_)
);

create index ACT_IDX_HI_PRO_INST_END on ACT_HI_PROCINST(END_TIME_);
create index ACT_IDX_HI_PRO_I_BUSKEY on ACT_HI_PROCINST(BUSINESS_KEY_);
create index ACT_IDX_HI_ACT_INST_START on ACT_HI_ACTINST(START_TIME_);
create index ACT_IDX_HI_ACT_INST_END on ACT_HI_ACTINST(END_TIME_);
create index ACT_IDX_HI_DETAIL_PROC_INST on ACT_HI_DETAIL(PROC_INST_ID_);
create index ACT_IDX_HI_DETAIL_ACT_INST on ACT_HI_DETAIL(ACT_INST_ID_);
create index ACT_IDX_HI_DETAIL_TIME on ACT_HI_DETAIL(TIME_);
create index ACT_IDX_HI_DETAIL_NAME on ACT_HI_DETAIL(NAME_);
create index ACT_IDX_HI_DETAIL_TASK_ID on ACT_HI_DETAIL(TASK_ID_);
create index ACT_IDX_HI_PROCVAR_PROC_INST on ACT_HI_VARINST(PROC_INST_ID_);
create index ACT_IDX_HI_PROCVAR_NAME_TYPE on ACT_HI_VARINST(NAME_, VAR_TYPE_);
create index ACT_IDX_HI_PROCVAR_TASK_ID on ACT_HI_VARINST(TASK_ID_);
create index ACT_IDX_HI_IDENT_LNK_USER on ACT_HI_IDENTITYLINK(USER_ID_);
create index ACT_IDX_HI_IDENT_LNK_TASK on ACT_HI_IDENTITYLINK(TASK_ID_);
create index ACT_IDX_HI_IDENT_LNK_PROCINST on ACT_HI_IDENTITYLINK(PROC_INST_ID_);

create index ACT_IDX_HI_ACT_INST_PROCINST on ACT_HI_ACTINST(PROC_INST_ID_, ACT_ID_);
create index ACT_IDX_HI_ACT_INST_EXEC on ACT_HI_ACTINST(EXECUTION_ID_, ACT_ID_);
create index ACT_IDX_HI_TASK_INST_PROCINST on ACT_HI_TASKINST(PROC_INST_ID_);


create table ACT_ID_GROUP (
  ID_ NVARCHAR2(64),
  REV_ INTEGER,
  NAME_ NVARCHAR2(255),
  TYPE_ NVARCHAR2(255),
  primary key (ID_)
);

create table ACT_ID_MEMBERSHIP (
  USER_ID_ NVARCHAR2(64),
  GROUP_ID_ NVARCHAR2(64),
  primary key (USER_ID_, GROUP_ID_)
);

create table ACT_ID_USER (
  ID_ NVARCHAR2(64),
  REV_ INTEGER,
  FIRST_ NVARCHAR2(255),
  LAST_ NVARCHAR2(255),
  EMAIL_ NVARCHAR2(255),
  PWD_ NVARCHAR2(255),
  PICTURE_ID_ NVARCHAR2(64),
  primary key (ID_)
);

create table ACT_ID_INFO (
  ID_ NVARCHAR2(64),
  REV_ INTEGER,
  USER_ID_ NVARCHAR2(64),
  TYPE_ NVARCHAR2(64),
  KEY_ NVARCHAR2(255),
  VALUE_ NVARCHAR2(255),
  PASSWORD_ BLOB,
  PARENT_ID_ NVARCHAR2(255),
  primary key (ID_)
);

create index ACT_IDX_MEMB_GROUP on ACT_ID_MEMBERSHIP(GROUP_ID_);
alter table ACT_ID_MEMBERSHIP
  add constraint ACT_FK_MEMB_GROUP
foreign key (GROUP_ID_)
references ACT_ID_GROUP (ID_);

create index ACT_IDX_MEMB_USER on ACT_ID_MEMBERSHIP(USER_ID_);
alter table ACT_ID_MEMBERSHIP
  add constraint ACT_FK_MEMB_USER
foreign key (USER_ID_)
references ACT_ID_USER (ID_);
